CREATE database dept_emp;
USE dept_emp;
-- CONSULTA 1: creamos la tabla detp
CREATE TABLE dept(
deptno NUMERIC(2) PRIMARY KEY,
dname VARCHAR(12) UNIQUE,
loc VARCHAR(11) NOT NULL);
-- CONSULTA 2: describimos la tabla detp
DESCRIBE dept;
-- CONSULTA 3: insertamos un registro en la tabla dept
INSERT INTO dept(deptno, dname,loc) 
VALUES(10,'ACCOUNTING','NEW_YORK');
-- CONSULTA 4
INSERT INTO dept(deptno, dname,loc) 
VALUES(20,'RESEARCH','DALLAS');
-- CONSULTA 5
INSERT INTO dept(deptno, dname,loc) 
VALUES(30,'SALES','CHICAGO');
-- CONSULTA 6
INSERT INTO dept(dname,deptno,loc) 
VALUES('OPERATIONS',40,'BOSTON');
-- CONSULTA 11: creamos la tabla emp, con dos llaves foranean
CREATE TABLE emp(
empno NUMERIC(4) PRIMARY KEY,
ename VARCHAR(11) NOT NULL,
job VARCHAR(13) NOT NULL,
mgr NUMERIC(4),
hiredate DATE NOT NULL,
sal NUMERIC(7,2) NOT NULL,
comm NUMERIC(7,2),
deptno NUMERIC(2),
-- Restricción en emp_deptno_dept_deptno_fk llave foranea de la tabla dept
CONSTRAINT emp_deptno_detp_deptno_fk FOREIGN KEY (deptno) REFERENCES dept (deptno),
-- Restrcción en emp_mgr_fk llave forania de la tabla emp 
CONSTRAINT emp_mgr_fk FOREIGN KEY (mgr) REFERENCES emp (empno));
-- CONSULTA 12
DESCRIBE emp;
-- CONSULTA 13
INSERT INTO emp
VALUES(7839, 'KING', 'PRESIDENT', NULL, '2011-11-17', 5000, NULL, 10);
-- CONSULTA 14
INSERT INTO emp
VALUES(7698, 'BLAKE','MANAGER',7839,'2011-05-01',2850,NULL,30);
-- CONSULTA 15
INSERT INTO emp
VALUES(7782,'CLARK','MANAGER',7839,'2011-06-09',2450,NULL,10);
-- CONSULTA 16
INSERT INTO emp
VALUES(7566,'JONES','MANAGER', 7839, '2011-04-02',2975,NULL,20);
-- CONSULTA 17
INSERT INTO emp
VALUES(7654,'MARTIN','SALESMAN',7698, '2011-09-28',1250,1400,30);
-- CONSULTA 18
INSERT INTO emp
VALUES(7499,'ALLEN', 'SALESMAN',7698, '2011-02-20',1600,300, 30);
-- CONSULTA 19
INSERT INTO emp
VALUES(7844,'TURNER','SALESMAN',7698, '2011-09-08',1500,0, 30);
-- CONSULTA 20
INSERT INTO emp
VALUES(7900,'JAMES', 'CLERK',7698, '2011-12-03',950,NULL,30);
-- CONSULTA 21
INSERT INTO emp
VALUES(7521,'WARD','SALESMAN',7698, '2011-02-22',1250,500, 30);
-- CONSULTA 22
INSERT INTO emp
VALUES(7902,'FORD','ANALYST', 7566, '2011-12-03',3000,NULL,20);
-- CONSULTA 23
INSERT INTO emp
VALUES(7369,'SMITH', 'CLERK',7902, '2010-12-17',800,NULL, 20);
-- CONSULTA 24
INSERT INTO emp
VALUES(7788,'SCOTT', 'ANALYST', 7566, '2012-12-09',3000,NULL,20);
-- CONSULTA 25
INSERT INTO emp
VALUES(7876,'ADAMS', 'CLERK', 7788, '2012-01-12',1100,NULL,20);
-- CONSULTA 26
INSERT INTO emp
VALUES(7934,'MILLER','CLERK',7782, '2012-01-23',1300,NULL,10);
CREATE TABLE salgrade(
grade NUMERIC(1) PRIMARY KEY,
losal NUMERIC(6,2) NOT NULL,
hisal NUMERIC(6,2) NOT NULL);
# CONSULTA 30
DESCRIBE salgrade;
-- CONSULTA 31
INSERT INTO salgrade
VALUES(1,700,1200);
-- CONSULTA 32
INSERT INTO salgrade
VALUES(2,1201,1400);
-- CONSULTA 33
INSERT INTO salgrade
VALUES(3,1401,2000);
-- CONSULTA 34
INSERT INTO salgrade
VALUES(4,2001,3000);
-- CONSULTA 35
INSERT INTO salgrade
VALUES(5,3001,9999);